{
  "project_info": {
    "project_number": "807628666079",
    "project_id": "langmates-hxnuk6",
    "storage_bucket": "langmates-hxnuk6.appspot.com"
  },
  "client": [
    {
      "client_info": {
        "mobilesdk_app_id": "1:807628666079:android:2a8da84831ac1f1c5a256a",
        "android_client_info": {
          "package_name": "com.mycompany.langmates"
        }
      },
      "oauth_client": [],
      "api_key": [
        {
          "current_key": "AIzaSyAUfV3ya6N9iqBg8jR8SRSwaSUbruIyR1E"
        }
      ],
      "services": {
        "appinvite_service": {
          "other_platform_oauth_client": []
        }
      }
    }
  ],
  "configuration_version": "1"
}